Clean_review,Label
wow loved place,1
crust not good,0
not tasty texture just nasty,0
stopped late bank holiday rick steve recommendation loved,1
selection menu great prices,1
getting angry want damn pho,0
honeslty didnt taste fresh,0
potatoes like rubber tell up ahead time kept warmer,0
fries great too,1
great touch,1
service prompt,1
would not go back,0
cashier no care say ended up wayyy overpriced,0
tried cape cod ravoli chicken cranberrymmmm,1
disgusted pretty sure human hair,0
shocked no signs indicate cash,0
highly recommended,1
waitress little slow service,0
place not worth time let vegas,0
did not like all,0
burrittos blah,0
food amazing,1
service cute,1
care less interior just beautiful,1
performed,1
thats rightthe red velvet cakeohhh stuff good,1
never brought salad asked,0
hole wall has great mexican street tacos friendly staff,1
took hour get food tables restaurant food luke warm sever running like totally overwhelmed,0
worst salmon sashimi,0
combos like burger fries beer decent deal,1
like final blow,0
place accident not happier,1
like good quick place grab bite some familiar pub food do favor look,0
overall like place lot,1
redeeming quality restaurant inexpensive,1
ample portions good prices,1
poor service waiter feel like stupid time came table,0
visit hiro delight,1
service sucks,0
shrimp tender moist,1
not deal good enough would drag establishment again,0
hard judge sides good grossed melted styrofoam didnt want eat fear getting sick,0
positive note server attentive provided great service,1
frozen pucks disgust some worst people register,0
thing did like prime rib dessert section,1
too bad food damn generic,0
burger good beef cooked just right,1
want sandwich just go firehouse,1
greek salad greek dressing tasty pita hummus refreshing,1
ordered duck rare pink tender inside nice char outside,1
came running realized husband left sunglasses table,1
chow mein good,1
have horrible attitudes customers talk down customers dont enjoy food,0
portion huge,1
loved itfriendly servers great food wonderful imaginative menu,1
heart attack grill downtown vegas absolutely flatlined excuse restaurant,0
not much seafood like strings pasta,0
salad just right sauce not over power scallop perfectly cooked,1
ripped banana not ripped petrified tasteless,0
least think refill water struggle wave over minutes,0
place receives stars appetizers,1
cocktails all handmade delicious,1
wed definitely go back again,1
glad place,1
great food service huge portions military discount,1
always great time dos gringos,1
updatewent back second time just amazing,1
got food apparently have never heard salt batter fish chewy,0
great way finish great,1
deal included tastings drinks jeff went expected,1
really really good rice all time,1
service meh,0
took over min get milkshake nothing chocolate milk,0
guess should have known place would suck inside excalibur didnt use common sense,0
scallop dish quite appalling value,0
times bad customer service,0
sweet potato fries good seasoned,1
today second time ive lunch buffet pretty good,1
much good food vegas feel cheated wasting eating opportunity going rice company,0
coming like experiencing underwhelming relationship parties wait person ask break up,0
walked place smelled like old grease trap eating,0
turkey roast beef bland,0
place has,1
pan cakes raving taste like sugary disaster tailored palate year old,0
love pho spring rolls oh yummy have try,1
poor batter meat ratio chicken tenders unsatisfying,0
all have say food amazing,1
omelets die,1
everything fresh delicious,1
summary largely disappointing dining experience,0
like really sexy party mouth youre outrageously flirting hottest person party,1
never hard rock casino never step forward again,0
best breakfast buffet,1
say bye bye tip lady,0
never go again,0
back again,1
food arrived quickly,1
not good,0
up cafe serves really good food,1
server fantastic wife loves roasted garlic bone marrow added extra meal marrow go,1
good thing waiter helpful kept bloddy marys coming,1
best buffet town price beat,1
loved mussels cooked wine reduction duck tender potato dishes delicious,1
better buffets have,1
went tigerlilly fantastic afternoon,1
food delicious bartender attentive personable got great deal,1
ambience wonderful music playing,1
go back next trip,1
sooooo good,1
real sushi lovers lets honest yama not good,0
least min passed ordering food arriving wasnt busy,0
really fantastic thai restaurant definitely worth visit,1
nice spicy tender,1
good prices,1
check,1
pretty gross,0
ive better atmosphere,0
kind hard mess up steak did,0
much liked look sound place actual experience bit disappointing,0
just dont know place managed served blandest food have eaten preparing indian cuisine,0
worst service boot least worries,0
service fine waitress friendly,1
guys all steaks steak loving son has steak best worst places said best steak hes eaten,1
thought youd have venture away get good sushi place really hit spot night,1
host staff lack better word bitches,0
bland not liking place number reasons dont want waste time bad reviewing ill leave,0
phenomenal food service ambiance,1
wouldnt return,0
definitely worth venturing strip pork belly return next time im vegas,1
place way too overpriced mediocre food,0
penne vodka excellent,1
have good selection food including massive meatloaf sandwich crispy chicken wrap delish tuna melt some tasty burgers,1
management rude,0
delicious nyc bagels good selections cream cheese real lox capers,1
great subway fact good come subway not meet expectations,1
seriously solid breakfast,1
best bars food vegas,1
extremely rude really many restaurants would love dine weekend vegas,0
drink never some really great menu suggestions,1
dont do,0
waiter wasnt helpful friendly rarely checked,0
husband ate lunch disappointed food service,0
red curry much bamboo shoots wasnt tasty,0
nice blanket moz over feel like cover up subpar food,1
bathrooms clean place decorated,1
menu always changing food quality going down service extremely slow,0
service little slow considering served people servers food coming slow pace,0
thumbs down,0
watched waiter pay lot attention tables ignore,0
fianc came middle day greeted seated right away,1
great restaurant mandalay bay,1
waited minutes vain,0
crostini came salad stale,0
some highlights great quality nigiri,1
staff friendly joint always clean,1
different cut piece day wonderful tender s flavored,1
ordered voodoo pasta time id really excellent pasta going gluten free several years ago,1
place good,1
unfortunately must have hit bakery leftover day everything ordered stale,0
came back today relocated not impressed,0
seated immediately,1
menu diverse reasonably priced,1
avoid all cost,0
restaurant always never wait,1
delicious,1
place handsdown best places eat phoenix metro area,1
dont go looking good food,0
ive never treated bad,0
bacon hella salty,1
ordered spinach avocado salad ingredients sad dressing literally zero taste,0
really vegas fine dining used right down menus handed ladies have no prices listed,1
waitresses friendly,1
lordy khao soi dish not missed curry lovers,1
everything menu terrific thrilled amazing accommodations vegetarian daughter,1
caught night judging reviews im not inspired go back,0
service leaves lot desired,0
atmosphere modern hip maintaining touch coziness,1
not weekly haunt definitely place come back,1
literally sat minutes no asking take order,0
burger absolutely no flavor meat totally bland burger overcooked no charcoal flavor,0
decided not send back waitress looked like verge having heart attack,0
dressed up treated rudely,0
probably dirt,0
love place hits spot want healthy not lacking quantity flavor,1
ordered lemon raspberry ice cocktail incredible,1
food sucked expected sucked have imagined,0
interesting decor,1
really like crepe station,1
served hot bread butter home potato chips bacon bits topvery original good,1
can watch preparing delicious food,1
egg rolls fantastic,1
order arrived gyros missing,0
salad wings some ice cream dessert left feeling quite satisfied,1
im not really sure joeys voted best hot dog valley readers phoenix magazine,0
best place go tasty bowl pho,1
live music fridays totally blows,0
ive never insulted felt disrespected,0
friendly staff,1
worth drive,1
heard good things place exceeding hope have dreamed,1
food great serivce,1
warm beer didnt help,0
great brunch spot,1
service friendly inviting,1
good lunch spot,1
ive lived time ive stepped foot place,0
worst experience,0
must have night place,0
sides delish mixed mushrooms yukon gold puree white corn beateous,1
bug never showed up would have given sure wall bug climbing kitchen,0
minutes waiting salad realized wasnt coming time soon,0
friend loved salmon tartar,1
wont go back,0
extremely tasty,1
waitress good,1
soggy not good,0
jamaican mojitos delicious,1
small not worth price,0
food rich order accordingly,1
shower area outside can rinse not take shower unless dont mind nude,0
service bit lacking,0
lobster bisque bussell sprouts risotto filet all needed salt pepperand course none tables,0
hopefully bodes going business can cook can come,0
too cold not enough flavor just bad,0
loved bacon wrapped dates,1
unbelievable bargain,1
folks otto always make feel welcome special,1
mains uninspired,0
place pho amazing,1
wonderful experience place muststop town again,1
food isnt bad enough enjoy dealing worlds worstannoying drunk people,0
fun chef,1
ordered double cheeseburger got single patty falling apart picture uploaded yeah sucks,0
great place have couple drinks watch all sporting events walls covered tvs,1
possible zero stars theyd have,0
descriptions said yum yum sauce said eel sauce said spicy mayowell none rolls sauces,0
id say would hardest decision honestly all ms dishes taste supposed taste amazing,1
not rolled eyes have stayed not sure go back try again,0
attentive providing excellent customer service,1
horrible dont waste time money,0
dish quite flavourful,1
time restaurant no excuse,0
wasnt busy building freezing cold,0
like reviewer said pay eat place again,0
drinks took close minutes come point,0
seriously flavorful delights folks,1
much better ayce sushi place went vegas,1
lighting just dark enough set mood,1
based subpar service received no effort gratitude business wont going back,0
owners really great people,1
nothing privileged workingeating,0
greek dressing creamy flavorful,1
overall dont think would take parents place again most similar complaints silently felt too,0
pizza good peanut sauce tasty,1
table service pretty fast,1
fantastic service,1
wouldve given godfathers zero stars possible,0
know make,1
tough short flavor,0
hope place sticks,1
have few bars vegas do not recall charged tap water,0
restaurant atmosphere exquisite,1
good service clean inexpensive boot,1
seafood fresh generous portion,1
plus bucks,1
service not up par,0
far have visited twice food absolutely delicious time,1
just good year ago,1
self proclaimed coffee cafe wildly disappointed,0
veggitarian platter world,1
go wrong food,1
beat,1
stopped place madison ironman friendly kind staff,1
chefs friendly did good job,1
ive better not dedicated boba tea spots jenni pho,0
liked patio service outstanding,1
goat taco didnt skimp meat wow flavor,1
think not again,0
mac salad pretty bland not getting again,0
went bachi burger friends recommendation not disappointed,1
service stinks,0
waited waited,0
place not quality sushi not quality restaurant,0
would definitely recommend wings pizza,1
great pizza salads,1
things went wrong burned saganaki,0
waited hour breakfast have times better home,0
place amazing,1
hate disagree fellow yelpers husband disappointed place,0
waited hours never got pizzas many came later did,0
just dont know slow,0
staff great food delish have incredible beer selection,1
live neighborhood disappointed wont back convenient location,0
didnt know pulled pork soooo delicious,1
get incredibly fresh fish prepared care,1
go gave star rating know time eating bachi burger writing review,0
love fact everything menu worth,1
never again dining place,0
food excellent service good,1
good beer drink selection good food selection,1
stay away shrimp stir fried noodles,0
potato chip order sad probably count many chips box probably,0
food really boring,0
good servicecheck,1
greedy corporation never dime,0
never go back,0
much id like go back get passed atrocious service never return,0
summer can dine charming outdoor patio delightful,1
did not expect good,1
fantastic food,1
ordered toasted english muffin came untoasted,0
food good,1
never going back,0
great food price high quality house,1
bus boy hand rude,0
point friends basically figured place joke didnt mind making publicly loudly known,0
back good bbq lighter fare reasonable pricing tell public back old ways,1
considering left happy just go wrong,1
all bread inhouse,1
downside service,0
fries doubt worst fries ive,0
service exceptional food good all reviews,1
couple months later returned amazing meal,1
favorite place town shawarrrrrrma,1
black eyed peas sweet potatoes unreal,1
wont disappointed,1
serve just vinaigrette make better overall dish good,1
go far too many places ive never seen restaurant serves egg breakfast especially,0
mom got home immediately got sick few bites salad,0
servers not pleasant deal dont always honor pizza hut coupons,0
truly unbelievably good glad went back,1
fantastic service pleased atmosphere,1
everything gross,0
love place,1
great service food,1
bathrooms location dirty seat covers not replenished just plain yucky,0
burger got gold standard burger kind disappointed,0
omg food delicioso,1
nothing authentic place,0
spaghetti nothing special whatsoever,0
all dishes salmon best all great,1
vegetables fresh sauce feels like authentic thai,1
worth driving up tucson,1
selection probably worst ive seen vegasthere none,0
pretty good beer selection too,1
place like chipotle better,1
classywarm atmosphere fun fresh appetizers succulent steaks baseball steak,1
stars brick oven bread app,1
have eaten multiple times time food delicious,1
sat minutes finally gave up left,0
terrible,0
treated equally special,1
shouldnt take min pancakes eggs,0
delicious,1
good staff genuinely pleasant enthusiastic real treat,1
sadly gordon ramseys steak place shall sharply avoid next trip vegas,0
always evening wonderful food delicious,1
best fish ive life,1
bathroom just next door nice,1
buffet small all food offered bland,0
outstanding little restaurant some best food have tasted,1
pretty cool would say,1
definitely turn doubt ill back unless buying,0
server did great job handling large rowdy table,1
wasting food despicable just wasnt food,0
wife lobster bisque soup lukewarm,0
would come back again sushi craving vegas,1
staff great ambiance great,1
deserves stars,1
left stomach ache felt sick rest day,0
dropped ball,0
dining space tiny elegantly decorated comfortable,1
customize order way youd like usual eggplant green bean stir fry love,1
beans rice mediocre best,0
best tacos town far,1
took back money got outta,0
interesting town place amazing,1
rude inconsiderate management,0
staff not friendly wait times served horrible no says hi minutes,0
wont back,0
have great dinners,1
service outshining definitely recommend halibut,1
food terrible,0
never go back have told many people happened,0
dont recommend unless car breaks down starving,0
come back time im vegas,1
place deserves star has do food,0
disgrace,0
def coming back bowl next time,1
want healthy authentic ethic food try place,1
continue come ladies night andddd date night highly recommend place area,1
have several times past experience has always great,1
walked away stuffed happy vegas buffet experience,1
service excellent prices pretty reasonable considering vegas located inside crystals shopping mall aria,1
summarize food incredible nay transcendant nothing brings joy quite like memory pneumatic condiment dispenser,1
im probably few people go ians not like,0
kids pizza always hit too lots great dish options kiddos,1
service perfect family atmosphere nice,1
cooked perfection service impeccable,1
simply disappointment,0
overall disappointed quality food bouchon,0
dont have accountant know im getting screwed,0
great place eat reminds little mom pop shops san francisco bay area,1
today taste buldogis gourmet hot dog have tell thought possible,1
left frustrated,0
ill definitely soon again,1
food really good got petty fast,1
service fantastic,1
total waste time,0
dont know kind have best iced tea,1
come hungry leave happy stuffed,1
service no stars,0
can assure wont disappointed,1
can take little bad service food sucks,0
gave up trying eat crust teeth sore,0
completely grossed,0
really enjoyed eating,1
time going think quickly become regular,1
server nice looked little overwhelmed all needs stayed professional friendly end,1
dinner companions told meeverything fresh nice texture taste,1
ground right next table large smeared beensteppedinandtrackedeverywhere pile green bird poop,0
furthermore hours operation website,0
weve tried like place times think,0
mistake,0
no complaints,1
some seriously good pizza im expertconnisseur topic,1
waiter jerk,0
strike wants rushed,0
nicest restaurant owners ive come,1
never come again,0
loved biscuits,1
service quick friendly,1
ordered appetizer took minutes pizza minutes,0
absolutley fantastic,1
huge awkward lb piece cow ths gristle fat,0
definitely come back again,1
like steiners dark feels like bar,1
wow spicy delicious,1
youre not familiar check,1
ill take business dinner dollars,0
id love go back,1
fs restaurant has wonderful breakfastlunch,1
nothing special,0
day week have different deal all delicious,1
not mention combination pears almonds bacon big winner,1
not back,0
sauce tasteless,0
food delicious just spicy enough sure ask spicier prefer way,1
ribeye steak cooked perfectly great mesquite flavor,1
dont think going back anytime soon,0
food gooodd,1
far sushi connoisseur can definitely tell difference good food bad food certainly bad food,0
insulted,0
times lunch has bad,0
chicken wings contained driest chicken meat have eaten,0
food good enjoyed mouthful enjoyable relaxed venue couples small family groups,1
nargile think great,1
best tater tots southwest,1
loved place,1
definitely not worth paid,0
vanilla ice cream creamy smooth profiterole choux pastry fresh enough,1
im az all time have new spot,1
manager worst,0
inside really quite nice clean,1
food outstanding prices reasonable,1
dont think ill running back carlys anytime soon food,0
fact took minutes acknowledged minutes get foodand kept forgetting things,0
love margaritas too,1
vegas buffet did not disappoint,1
good,1
down note ventilation use some upgrading,0
great pork sandwich,1
dont waste time,0
total letdown would much just go camelback flower shop cartel coffee,0
cheese friends burger cold,0
enjoy pizza brunch,1
steaks all trimmed perfectly cooked,1
group claimed would have handled beautifully,1
loved,1
asked leave eating didnt bring,0
place jewel las vegas exactly ive hoping nearly years living,1
seafood limited boiled shrimp crab legs crab legs definitely did not taste fresh,0
selection food not best,0
delicious absolutely back,1
isnt small family restaurant fine dining establishment,1
toro tartare cavier extraordinary liked thinly sliced wagyu white truffle,1
dont think back long time,0
attached gas station rarely good sign,0
awesome,1
back many times soon,1
menu much good stuff not decide,1
worse all humiliated worker right mebunch horrible callings,0
conclusion filling meals,1
daily specials always hit group,1
tragedy struck,0
pancake really good pretty large,1
crawfish experience delicious,1
monster chicken fried steak eggs all time favorite,1
waitress sweet funny,1
taste moms multigrain pumpkin pancakes pecan butter amazing fluffy delicious,1
id eat airline food seriously,0
say enough good things place,1
ambiance incredible,1
waitress manager friendly,1
would not recommend place,0
overall wasnt impressed noca,0
gyro basically lettuce,0
terrible service,0
thoroughly disappointed,0
dont much pasta love homemade hand pastas pizzas,1
try happy did,1
far best cheesecurds have,1
reasonably priced,1
everything perfect night,1
food good typical bar food,1
drive get,0
glance lovely bakery cafe nice ambiance clean friendly staff,1
do not think go back,0
point finger item menu order wont disappointed,1
oh thing beauty restaurant,1
havent gone go,1
greasy unhealthy meal,0
time might just,0
burgers amazing,1
similarly delivery man did not say word apology food minutes late,0
way expensive,0
sure order dessert need pack togo tiramisu cannoli die,1
time wait next,1
bartender nice,1
everything good tasty,1
place thumbs upway up,1
best place vegas breakfast just check sat sun,1
love authentic mexican food want bunch interesting delicious meats choose need try place,1
terrible management,0
excellent new restaurant experienced frenchman,1
zero stars would zero stars,0
great steak great sides great wine amazing desserts,1
worst martini,0
steak shrimp opinion best entrees gc,1
opportunity today sample amazing pizzas,1
waited thirty minutes seated vacant tables folks waiting,0
yellowtail carpaccio melt mouth fresh,1
wont try going back,0
no im going eat potato some strangers hair,0
just spicy enough perfect actually,1
night second time dining happy decided go back,1
not hello right,0
desserts bit strange,0
boyfriend came time recent trip vegas not have pleased quality food service,1
really do recommend place can go wrong donut place,1
nice ambiance,1
would recommend saving room,1
guess maybe went night disgraceful,0
recent experience particular location not good,0
know not like restaurants all,0
avoid establishment,0
think restaurant suffers not trying hard enough,0
all tapas dishes delicious,1
heart place,1
salad bland vinegrette baby greens hearts palm,0
felt disgusting,0
good time,1
believe place great stop huge belly hankering sushi,1
generous portions great taste,1
never go back place never recommended place,0
servers went back forth several times not much helped,0
food delicious,1
hour seriously,0
consider theft,0
eew location needs complete overhaul,0
recently witnessed poor quality management guests,0
waited waited waited,0
came back check regularly excellent service,1
server super nice checked many times,1
pizza tasted old super chewy not good way,0
swung try deeply disappointed,0
service good company better,1
staff friendly efficient,1
service im fan quick youre served some nice folks,1
boy sucker dry,0
over rated,0
look authentic thai food go,0
steaks recommended,1
pulled up car waited minutes acknowledged,0
great food great service clean friendly setting,1
all all can assure ill back,1
hate things much cheap quality black olives,0
breakfast perpared great beautiful presentation giant slices toast lightly dusted powdered sugar,1
kids play area nasty,0
great place fo take eat,1
waitress friendly happy accomodate veganveggie options,1
omg felt like never eaten thai food dish,1
extremely crumby pretty tasteless,0
pale color instead nice char has no flavor,0
croutons taste homemade extra plus,1
got home driest damn wings,0
itll regular stop trips phoenix,1
really enjoyed crema caf expanded told friends best breakfast,1
not good money,0
miss wish philadelphia,1
got sitting fairly fast ended up waiting minutes just place order minutes food arrived,0
have best cheese crisp town,1
good value great food great service,1
ask satisfying meal,1
food good,1
awesome,1
just wanted leave,0
drive all way north scottsdale not bit disappointed,1
not eating again,0
owners really really need quit soooooo cheap let wrap freaking sandwich papers not,0
checked place couple years ago not impressed,0
chicken got definitely reheated ok wedges cold soggy,0
sorry not getting food anytime soon,0
absolute must visit,1
cow tongue cheek tacos amazing,1
friend did not like bloody mary,0
despite hard rate businesses actually rare star,0
really want make experience good,1
not return,0
chicken pho tasted bland,0
disappointing,0
grilled chicken tender yellow saffron seasoning,1
drive means do not want wait half hour food end up going make wait wait,0
pretty awesome place,1
ambience perfect,1
best luck rude noncustomer service focused new management,0
grandmother can make roasted chicken better,0
asked multiple times wine list some time ignored went hostess got,0
staff always super friendly helpful especially cool bring small boys baby,1
stars food guy blue shirt great vibe letting eat,1
roast beef sandwich tasted really good,1
evening drastically sick,0
highquality chicken chicken caesar salad,1
ordered burger rare came,0
promptly greeted seated,1
tried go lunch madhouse,0
proven dead wrong sushi bar not quality great service fast food impeccable,1
waiting hour seated not greatest moods,0
good joint,1
macarons insanely good,1
im not eating,0
waiter attentive friendly informative,1
maybe werent cold would have somewhat edible,0
place has lot promise fails deliver,0
bad experience,0
mistake,0
food average best,0
great food,1
wont going back anytime soon,0
disappointed ordered big bay plater,0
great place relax have awesome burger beer,1
perfect sitdown family meal get few friends,1
not much flavor poorly constructed,0
patio seating comfortable,1
fried rice dry,0
hands down favorite italian restaurant,1
just screams legit booksomethats pretty rare vegas,1
just not fun experience,1
atmosphere great lovely duo violinists playing songs requested,1
personally love hummus pita baklava falafels baba ganoush amazing do eggplant,1
convenient staying mgm,1
owners super friendly staff courteous,1
great,1
eclectic selection,1
sweet potato tots good onion rings perfection close have,1
staff attentive,1
chef generous time came twice can take pictures,1
owner used work nobu place really similar half price,1
google mediocre imagine smashburger pop up,0
dont go,0
promise wont disappoint,1
sushi lover avoid place all means,0
great double cheeseburger,1
awesome service food,1
fantastic neighborhood gem,1
wait go back,1
plantains worst ive tasted,0
great place highly recommend,1
service slow not attentive,0
gave stars im giving stars,1
staff spends time talking,0
dessert panna cotta amazing,1
good food great atmosphere,1
damn good steak,1
total brunch fail,0
prices reasonable flavors spot sauce home slaw not drenched mayo,1
decor nice piano music soundtrack pleasant,1
steak amazingrge fillet relleno best seafood plate have,1
good food good service,1
absolutely amazing,1
probably wont back honest,0
definitely back,1
sergeant pepper beef sandwich auju sauce excellent sandwich,1
hawaiian breeze mango magic pineapple delight smoothies ive tried far theyre all good,1
went lunch service slow,0
much say place walked expected amazing quickly disappointed,0
mortified,0
needless say never back again,0
anyways food definitely not filling all price pay should expect,0
chips came dripping grease not edible,0
wasnt really impressed strip steak,0
have going meal has awesome,1
server nice attentive serving staff,1
cashier friendly brought food,1
work hospitality industry paradise valley have refrained recommending cibo longer,0
atmosphere fun,1
would not recommend,0
service quick go orders just like like,1
mean really do get famous fish chips terrible,0
said mouths bellies quite pleased,1
not thing,0
thumbs up,1
reading dont go,0
loved grilled pizza reminded legit italian pizza,1
pros large seating area nice bar area great simple drink menu best brick oven pizza homemade dough,1
have really nice atmosphere,1
tonight elk filet specialand sucked,0
bite hooked,1
ordered some old classics some new dishes going few times sorely disappointed everything,0
cute quaint simple honest,1
chicken deliciously seasoned perfect fry outside moist chicken inside,1
food great always compliments chef,1
special thanks dylan t recommendation order all yummy tummy,1
awesome selection beer,1
great food awesome service,1
nice thing added gratuity party larger didnt expect tip,1
fly apple juice fly,0
han nan chicken tasty,1
service thought good,1
food barely lukewarm must have sitting waiting server bring,0
ryans bar definitely edinburgh establishment wont revisiting,0
nicest chinese restaurant ive,1
overall like food service,1
serve indian naan bread hummus some spicy pine nut sauce world,1
probably never coming back wouldnt recommend,0
friends pasta bad barely touched,0
try airport experience some tasty food speedy friendly service,1
love decor chinese calligraphy wall paper,1
never complain,1
restaurant clean has family restaurant feel,1
way over fried,0
im not sure long stood long enough begin feel awkwardly place,0
opened sandwich impressed not good way,0
not back,0
warm feeling service felt like guest special treat,1
extensive menu provides lots options breakfast,1
always order vegetarian menu dinner has wide array options choose,1
have watched prices inflate portions get smaller management attitudes grow rapidly,0
wonderful lil tapas ambience feel all warm fuzzy inside,1
got enjoy seafood salad fabulous vinegrette,1
wontons not chewy melt mouth,1
level spicy perfect spice didnt overwhelm soup,1
sat right time server get go fantastic,1
main thing didnt enjoy crowd older crowd mid s up,0
im town definitely spot ill hit up again,1
wait over minutes get drink longer get arepas,0
great place eat,1
jalapeno bacon soooo good,1
service poor thats nice,0
food good service good prices good,1
place not clean food oh stale,0
chicken dishes ok beef like shoe leather,0
service bad,0
im happy,1
tasted like dirt,0
few places phoenix would definately go back again,1
block amazing,1
close house lowkey nonfancy affordable prices good food,1
hot sour egg flower soups absolutely stars,1
sashimi poor quality soggy tasteless,0
great time family dinner sunday night,1
food not tasty all not say real traditional hunan style,0
did bother slow service,0
flair bartenders absolutely amazing,1
frozen margaritas way too sugary taste,0
good ordered twice,1
nutshell restaraunt smells like combination dirty fish market sewer,0
girlfriends veal bad,0
unfortunately not good,0
pretty satifying experience,1
join club get awesome offers email,1
perfect likes beer ice cold case colder,1
bland flavorless good way describing barely tepid meat,0
chains im no fan beat place easily,0
nachos must have,1
not coming back,0
dont have many words say place does everything pretty,1
staff super nice quick crazy crowds downtown juries lawyers court staff,1
great atmosphere friendly fast service,1
received pita huge did have lot meat thumbs up,1
food arrives meh,0
paying hot dog fries looks like came kids meal wienerschnitzel not idea good meal,0
classic maine lobster roll fantastic,1
brother law works mall ate day guess sick all night too,0
good going have review place twice hereas tribute place tribute event held night,1
chips salsa really good salsa fresh,1
place great,1
mediocre food,0
get inside youll impressed place,1
im super pissd,0
service super friendly,1
sad little vegetables overcooked,0
place nice surprise,1
goldencrispy delicious,1
high hopes place burgers cooked over charcoal grill unfortunately taste fell flat way flat,0
eat bruschetta all day devine,1
not single employee came ok needed water refill finally served food,0
lastly mozzarella sticks best thing ordered,1
time came amazing experience tell people awesome duck,1
server negligent needs feel unwelcome would not suggest place,0
service terrible,0
place overpriced not consistent boba really overpriced,0
packed,0
love place,1
can say desserts yummy,1
food terrible,0
seasonal fruit fresh white peach puree,1
kept getting worse worse im officially,0
place should honestly blown up,0
definitely would not eat again,0
do not waste money,0
love food nice plastic containers opposed cramming little paper takeout boxes,1
crpe delicate moist,1
awful service,0
wont go again,0
food quality has horrible,0
price can think few place would have much gone,0
service fair best,0
do love sushi kabuki overpriced overhip underservices,0
do favor stay away dish,0
poor service,0
no table thought food average worth wait,0
best service food maria server good friendly day,1
excellent,1
paid did not tip felt server did terrible job,0
just lunch great experience,1
have never bland food surprised considering article read focused much spices flavor,0
food way overpriced portions fucking small,0
recently tried caballeros have back week,1
bucks head really expect better food,0
food came good pace,1
ate twice visit especially enjoyed salmon salad,1
wont back,0
not believe dirty oysters,0
place deserves no stars,0
would not recommend place,0
fact im going round up stars just awesome,1
disbelief dish qualified worst version foods have tasted,0
bad day not have low tolerance rude customer service people job nice polite wash dishes,0
potatoes great biscuit,1
probably would not go again,0
flavorful has just perfect heat,1
price reasonable service great,1
wife hated meal coconut shrimp friends really did not enjoy meals,0
fella got huevos rancheros didnt look too appealing,0
went happy hour great list wines,1
some say buffet pricey think get pay place getting quite lot,1
probably wont coming back,0
worst foodservice ive,0
place pretty good nice little vibe restaurant,1
talk great customer service course back,1
hot dishes not hot cold dishes close room tempi watched staff prepare food bare hands no gloveseverything deep fried oil,0
love fries beans,1
always pleasure dealing,1
have plethora salads sandwiches everything ive tried gets seal approval,1
place awesome want light healthy summer,1
sushi strip place go,1
service great manager came helped table,1
feel dining room college cooking course high class dining service slow best,0
started review stars im editing,0
worst sushi have eat costcos,0
all all excellent restaurant highlighted great service unique menu beautiful setting,1
boyfriend sat bar completely delightful experience,1
weird vibe owners,0
hardly meat,0
ive better bagels grocery store,0
go place gyros,1
love ownerchef authentic japanese cool dude,1
burgers arent good pizza used amazing doughy flavorless,0
inch long piece wire salsa,0
service terrible food mediocre,0
definately enjoyed,1
ordered albondigas soup just warm tasted like tomato soup frozen meatballs,0
different occasions asked medium all times got bloodiest piece meat plate,0
bites refused eat anymore,0
service extremely slow,0
minutes wait got table,0
seriously killer hot chai latte,1
no allergy warnings menu waitress absolutely no clue meals did did not contain peanuts,0
boyfriend tried mediterranean chicken salad fell love,1
rotating beers tap highlight place,1
pricing bit concern mellow mushroom,0
worst thai,0
stay vegas must get breakfast least,1
want say server great perfect service,1
pizza selections good,1
strawberry tea good,1
highly unprofessional rude loyal patron,0
overall great experience,1
spend money,0
regular toasted bread equally satisfying occasional pats butter mmmm,1
buffet bellagio far anticipated,0
drinks weak people,0
order not correct,0
feel like chips bought not house,0
disappointing dinner went dessert,0
chips sals amazing,1
wont returning,0
new fav vegas buffet spot,1
seriously believe owner has many unexperienced employees all running like chickens heads cut,0
sad,0
felt insulted disrespected talk judge human like,0
can steakhouse properly cook steak dont understand,0
im not impressed concept food,0
thing wasnt too crazy guacamole dont like pured,0
really nothing postinos hope experience better,0
got food poisoning buffet,0
brought fresh batch fries thinking yay warm no,0
should have hilarious yummy christmas eve dinner remember biggest fail entire trip,0
needless say wont going back anytime soon,0
place disgusting,0
time eat caring teamwork professional degree,1
ri style calamari joke,0
much garlic fondue barely edible,0
barely stomach meal didnt complain business lunch,0
bad lost heart finish,0
took forever bring check asked,0
arent ones make scene restaurants just dont get itdefinitely lost love,0
disappointing experience,0
food par dennys say not good all,0
want wait mediocre food downright terrible service place,0
waaaaaayyyyyyyyyy over rated all saying,0
wont going back,0
place fairly clean food simply wasnt worth,0
place lacked style,0
sangria half glass wine ridiculous,0
dont bother coming,0
meat pretty dry sliced brisket pulled pork,0
building pretty neat bathroom pretty trippy wouldnt eat again,0
equally awful,0
probably not hurry go back,0
slow seating reservation,0
not good stretch imagination,0
cashew cream sauce bland vegetables undercooked,0
chipolte ranch dipping sause tasteless watered down no heat,0
bit too sweet not really spicy enough lacked flavor,0
disappointed,0
place horrible way overpriced,0
maybe just vegetarian fare ive twice thought average best,0
wasnt busy all know,0
tables outside dirty lot time workers not always friendly helpful menu,0
ambiance did not feel like buffet setting douchey indoor garden tea biscuits,0
spotty service,0
fries not hot burger,0
came back cold,0
food came disappointment ensued,0
real disappointment waiter,0
husband said rude did not apologize bad food,0
reason eat would up night binge drinking just get some carbs stomach,0
insults profound deuchebaggery go outside smoke break serving just solidify,0
orders tacos dont think customer service ask combo ala cart,0
quite disappointed some blame needs placed door,0
all rave reviews wait eat herewhat disappointment,0
del taco pretty nasty should avoided possible,0
not hard make decent hamburger,0
dont like,0
hell no go back,0
weve have gotten much better service pizza place next door services received restaurant,0
dont know big deal place wont back yaall,0
immediately said wanted talk manager did not want talk guy doing shots fireball bar,0
ambiance isnt much better,0
unfortunately set up disapppointment entrees,0
food wasnt good,0
servers suck wait correction server heimer sucked,0
happened next prettyoff putting,0
too bad cause know family owned really wanted like place,0
overpriced getting,0
vomited bathroom mid lunch,0
kept looking time soon become minutes no food,0
have few places eat no circumstances would return tops list,0
started tuna sashimi brownish color obviously wasnt fresh,0
food average,0
sure does beat nachos movies would expect little bit coming restaurant,0
all all ha long bay bit flop,0
problem have charge sandwich no bigger subway sub offers better vegetables,0
shrimp unwrapped live mile brushfire literally ice cold,0
lacked flavor undercooked dry,0
really impressive place closed down,0
would avoid place staying mirage,0
refried beans came meal dried crusty food bland,0
spend money time some place,0
lady table next live green caterpillar salad,0
presentation food awful,0
tell disappointed,0
think food should have flavor texture lacking,0
appetite instantly gone,0
overall not impressed would not go back,0
experience underwhelming think just go ninja sushi next time,0
hadnt wasted enough life poured salt wound drawing time took bring check,0
